k,n,threshold,expected_4k_plus_8,q0_minimizing_partners,witness_length,reset_length,rank_a,rank_b,missing_a,missing_b,status
1,9,12,12,2;7,12,38,8,8,5,6,PASS
2,12,16,16,2;9,16,63,11,11,7,8,PASS
3,15,20,20,2;11,20,94,14,14,9,10,PASS
4,18,24,24,2;13,24,131,17,17,11,12,PASS
5,21,28,28,2;15,28,174,20,20,13,14,PASS
6,24,32,32,2;17,32,223,23,23,15,16,PASS
7,27,36,36,2;19,36,278,26,26,17,18,PASS
8,30,40,40,2;21,40,339,29,29,19,20,PASS
9,33,44,44,2;23,44,406,32,32,21,22,PASS
10,36,48,48,2;25,48,479,35,35,23,24,PASS
11,39,52,52,2;27,52,558,38,38,25,26,PASS
12,42,56,56,2;29,56,643,41,41,27,28,PASS
13,45,60,60,2;31,60,734,44,44,29,30,PASS
14,48,64,64,2;33,64,831,47,47,31,32,PASS
15,51,68,68,2;35,68,934,50,50,33,34,PASS
16,54,72,72,2;37,72,1043,53,53,35,36,PASS
17,57,76,76,2;39,76,1158,56,56,37,38,PASS
18,60,80,80,2;41,80,1279,59,59,39,40,PASS
19,63,84,84,2;43,84,1406,62,62,41,42,PASS
20,66,88,88,2;45,88,1539,65,65,43,44,PASS
21,69,92,92,2;47,92,1678,68,68,45,46,PASS
22,72,96,96,2;49,96,1823,71,71,47,48,PASS
23,75,100,100,2;51,100,1974,74,74,49,50,PASS
24,78,104,104,2;53,104,2131,77,77,51,52,PASS
25,81,108,108,2;55,108,2294,80,80,53,54,PASS
26,84,112,112,2;57,112,2463,83,83,55,56,PASS
27,87,116,116,2;59,116,2638,86,86,57,58,PASS
28,90,120,120,2;61,120,2819,89,89,59,60,PASS
29,93,124,124,2;63,124,3006,92,92,61,62,PASS
30,96,128,128,2;65,128,3199,95,95,63,64,PASS
31,99,132,132,2;67,132,3398,98,98,65,66,PASS
32,102,136,136,2;69,136,3603,101,101,67,68,PASS
33,105,140,140,2;71,140,3814,104,104,69,70,PASS
34,108,144,144,2;73,144,4031,107,107,71,72,PASS
35,111,148,148,2;75,148,4254,110,110,73,74,PASS
36,114,152,152,2;77,152,4483,113,113,75,76,PASS
37,117,156,156,2;79,156,4718,116,116,77,78,PASS
38,120,160,160,2;81,160,4959,119,119,79,80,PASS
39,123,164,164,2;83,164,5206,122,122,81,82,PASS
40,126,168,168,2;85,168,5459,125,125,83,84,PASS
41,129,172,172,2;87,172,5718,128,128,85,86,PASS
42,132,176,176,2;89,176,5983,131,131,87,88,PASS
43,135,180,180,2;91,180,6254,134,134,89,90,PASS
44,138,184,184,2;93,184,6531,137,137,91,92,PASS
45,141,188,188,2;95,188,6814,140,140,93,94,PASS
46,144,192,192,2;97,192,7103,143,143,95,96,PASS
47,147,196,196,2;99,196,7398,146,146,97,98,PASS
48,150,200,200,2;101,200,7699,149,149,99,100,PASS
49,153,204,204,2;103,204,8006,152,152,101,102,PASS
50,156,208,208,2;105,208,8319,155,155,103,104,PASS
51,159,212,212,2;107,212,8638,158,158,105,106,PASS
52,162,216,216,2;109,216,8963,161,161,107,108,PASS
53,165,220,220,2;111,220,9294,164,164,109,110,PASS
54,168,224,224,2;113,224,9631,167,167,111,112,PASS
55,171,228,228,2;115,228,9974,170,170,113,114,PASS
56,174,232,232,2;117,232,10323,173,173,115,116,PASS
57,177,236,236,2;119,236,10678,176,176,117,118,PASS
58,180,240,240,2;121,240,11039,179,179,119,120,PASS
59,183,244,244,2;123,244,11406,182,182,121,122,PASS
60,186,248,248,2;125,248,11779,185,185,123,124,PASS
61,189,252,252,2;127,252,12158,188,188,125,126,PASS
62,192,256,256,2;129,256,12543,191,191,127,128,PASS
63,195,260,260,2;131,260,12934,194,194,129,130,PASS
64,198,264,264,2;133,264,13331,197,197,131,132,PASS
65,201,268,268,2;135,268,13734,200,200,133,134,PASS
66,204,272,272,2;137,272,14143,203,203,135,136,PASS
67,207,276,276,2;139,276,14558,206,206,137,138,PASS
68,210,280,280,2;141,280,14979,209,209,139,140,PASS
69,213,284,284,2;143,284,15406,212,212,141,142,PASS
70,216,288,288,2;145,288,15839,215,215,143,144,PASS
71,219,292,292,2;147,292,16278,218,218,145,146,PASS
72,222,296,296,2;149,296,16723,221,221,147,148,PASS
73,225,300,300,2;151,300,17174,224,224,149,150,PASS
74,228,304,304,2;153,304,17631,227,227,151,152,PASS
75,231,308,308,2;155,308,18094,230,230,153,154,PASS
76,234,312,312,2;157,312,18563,233,233,155,156,PASS
77,237,316,316,2;159,316,19038,236,236,157,158,PASS
78,240,320,320,2;161,320,19519,239,239,159,160,PASS
79,243,324,324,2;163,324,20006,242,242,161,162,PASS
80,246,328,328,2;165,328,20499,245,245,163,164,PASS
81,249,332,332,2;167,332,20998,248,248,165,166,PASS
82,252,336,336,2;169,336,21503,251,251,167,168,PASS
83,255,340,340,2;171,340,22014,254,254,169,170,PASS
84,258,344,344,2;173,344,22531,257,257,171,172,PASS
85,261,348,348,2;175,348,23054,260,260,173,174,PASS
86,264,352,352,2;177,352,23583,263,263,175,176,PASS
87,267,356,356,2;179,356,24118,266,266,177,178,PASS
88,270,360,360,2;181,360,24659,269,269,179,180,PASS
89,273,364,364,2;183,364,25206,272,272,181,182,PASS
90,276,368,368,2;185,368,25759,275,275,183,184,PASS
91,279,372,372,2;187,372,26318,278,278,185,186,PASS
92,282,376,376,2;189,376,26883,281,281,187,188,PASS
93,285,380,380,2;191,380,27454,284,284,189,190,PASS
94,288,384,384,2;193,384,28031,287,287,191,192,PASS
95,291,388,388,2;195,388,28614,290,290,193,194,PASS
96,294,392,392,2;197,392,29203,293,293,195,196,PASS
97,297,396,396,2;199,396,29798,296,296,197,198,PASS
98,300,400,400,2;201,400,30399,299,299,199,200,PASS
99,303,404,404,2;203,404,31006,302,302,201,202,PASS
100,306,408,408,2;205,408,31619,305,305,203,204,PASS
